Train Episode,Train Score,50-Episode Average
1,-241.78794014434789,-241.78794014434789
2,-549.3370083792358,-395.56247426179186
3,-475.8604618732548,-422.3284701322795
4,-397.7970256956685,-416.19560902312674
5,-106.96265932356752,-354.3490190832149
6,-110.79650798594014,-313.75693390033575
7,-416.57188947220595,-328.4447846963172
8,-156.01087318686268,-306.8905457576354
9,-406.2634359248661,-317.93197799843875
10,-136.06385427868258,-299.7451656264631
11,-230.42530078770628,-293.44335973203073
12,-711.2845430962036,-328.2634583457118
13,-497.94065768764773,-341.31555060278384
14,-474.09243678994244,-350.79961390186656
15,-448.413565405586,-357.30721066878124
16,-495.6827654708905,-365.95568284391305
17,-143.3338232981573,-352.86027934122154
18,-388.6526287368776,-354.8487431965358
19,-417.40618005360966,-358.14123987322387
20,-462.82386298418453,-363.3753710287719
21,-425.98251494547725,-366.35666359623406
22,-334.157840402954,-364.89308072381226
23,-398.8791248254278,-366.37073481518684
24,-558.8456650144412,-374.39052357348913
25,-407.59513150436413,-375.7187078907241
26,-342.7819850969838,-374.45191086019565
27,-221.32654121844095,-368.780600873464
28,-593.8736753578507,-376.81963924790637
29,-477.36316866202145,-380.2866575035655
30,-172.42698455879727,-373.3580017387399
31,-222.72403010100848,-368.4988413633292
32,-600.7986692838787,-375.75821098584635
33,-594.360166524139,-382.3825126688249
34,-561.7326429118539,-387.65751649950226
35,-263.038928553103,-384.0969854153194
36,-233.03750345683568,-379.9008886942504
37,-258.55745354492086,-376.6213363929172
38,-237.18265116192183,-372.951897307891
39,-179.5790216506589,-367.9936184448851
40,-223.23721189249008,-364.3747082810752
41,-294.56215977571844,-362.6719631955787
42,-417.0732475560093,-363.96723187082705
43,-441.3967901903091,-365.7679192736057
44,-331.62037528478254,-364.9918387284052
45,-511.45050988146505,-368.2464758651398
46,-355.71756865796476,-367.97410831715774
47,-177.6287774993451,-363.92420766145955
48,-215.40894612346818,-360.8301397127514
49,-100.34806704763378,-355.5141790461164
50,-191.41754308857725,-352.2322463269656
51,-151.69585233279142,-350.4304045707345
52,-196.23638047173546,-343.3683920125844
53,-53.21210653021056,-334.91542490572357
54,-203.15015741842953,-331.02248754017876
55,-362.3735380141983,-336.13070511399144
56,-229.44819707966303,-338.5037388958658
57,-376.5822175753547,-337.7039454579289
58,-231.5776643314443,-339.2152812808205
59,-160.13113114947632,-334.2926351853127
60,-82.24323415175375,-333.2162227827741
61,-145.1020934051374,-331.5097586351227
62,-534.5364151925785,-327.9747960770502
63,-250.48402992536518,-323.0256635218046
64,-381.8061049839047,-321.17993688568384
65,-498.03434514367103,-322.1723524804455
66,-280.60175775826656,-317.87073232619304
67,-285.33348723797826,-320.7107256049894
68,-561.61926574143,-324.1700583450805
69,-449.42440850305127,-324.8104229140693
70,-274.1303243588175,-321.03655214156197
71,-273.9090789126088,-317.9950834209046
72,-166.80544353585333,-314.64803548356264
73,-311.75742326754505,-312.905601452405
74,-354.867494671302,-308.82603804554213
75,-444.3333616659803,-309.56080264877454
76,-359.55628169349444,-309.8962885807047
77,-567.5469703428577,-316.820697163193
78,-334.07399406006596,-311.6247035372373
79,-727.9064112686607,-316.6355683893701
80,-555.5082260469676,-324.29719321913353
81,-441.5244227405729,-328.67320107192484
82,-621.1637460558813,-329.0805026073649
83,-561.3008176824183,-328.4193156305305
84,-315.0279461109418,-323.48522169451223
85,-493.85534904202717,-328.1015501042907
86,-519.0695232556279,-333.8221905002666
87,-384.83454935234676,-336.3477324164151
88,-633.1584063231246,-344.2672475196391
89,-333.50062017249195,-347.34567949007584
90,-448.2983567124689,-351.8469023864754
91,-255.10547562144785,-351.05776870338997
92,-546.3419627482062,-353.6431430072339
93,-12.756949968092016,-345.0703462027895
94,-211.19307359100281,-342.6618001689139
95,-224.53794428850514,-336.92354885705475
96,-241.07216545513955,-334.63064079299824
97,-209.81720118421322,-335.27440926669567
98,-212.49270690983772,-335.216084482423
99,-205.2988999540467,-337.3151011405513
100,-225.74739056632203,-338.0016980901062
101,-281.87845264839564,-340.60535009641825
102,-267.5397190816585,-342.03141686861665
103,-234.74265151136322,-345.66202776823974
104,228.87906725694006,-337.0214432747323
105,-182.00435416939342,-333.41405959783623
106,-318.538755605437,-335.1958707683518
107,-146.2273246995526,-330.5887729108358
108,-278.7645099532184,-331.53250982327125
109,-211.56456609496908,-332.56117852218114
110,-209.51389294338819,-335.1065916980138
111,-196.9590146610728,-336.14373012313246
112,0.4011148879033186,-325.4449795215229
113,-184.73797381916592,-324.13005839939893
114,-76.06238915597604,-318.01518408284034
115,-154.37917167750237,-311.14208061351695
116,-741.740365148304,-320.36485276131765
117,-178.08966683901292,-318.2199763533383
118,-178.20948462119424,-310.5517807309337
119,-832.8992648425514,-318.2212778577237
120,-807.6882495054685,-328.89243636065675
121,-459.13714130954094,-332.5969976085954
122,-640.196184260168,-342.06481242308166
123,-611.662605966503,-348.0629160770608
124,-322.2948147712989,-347.4114624790608
125,-259.59144483299707,-343.71662414240114
126,-240.872127537548,-341.3429410592821
127,-220.38773532097915,-334.3997563588446
128,-228.61933268587694,-332.2906631313609
129,-332.72557900845834,-324.3870464861568
130,-267.994323037199,-318.63676842596135
131,-303.5958129354744,-315.87819622985944
132,-528.6523093578708,-314.0279674958992
133,-454.5631926310111,-311.893214994871
134,-567.8252306068218,-316.94916068478864
135,-485.2188388322428,-316.7764304805929
136,-266.8923175618236,-311.7328863667168
137,-235.5285962009765,-308.7467673036894
138,-367.1319525091122,-303.4262382274092
139,-202.9444463402383,-300.8151147507641
140,-107.65349496546439,-294.00221751582404
141,-255.4210932548651,-294.0085298684924
142,-280.3905917168256,-288.68950244786475
143,-173.0125565880166,-291.89461458026324
144,-202.64047580040904,-291.72356262445135
145,-212.1116033551009,-291.47503580578325
146,-172.5231040277476,-290.10405457723544
147,-465.7299026927457,-295.22230860740603
148,-271.2917659306072,-296.39828978782145
149,-184.80179236502357,-295.988347636041
150,-54.963198608193935,-292.57266379687843
151,-194.0126956600008,-290.8153486571106
152,-525.8424027772833,-295.981402331023
153,-198.14103119895535,-295.24936992477484
154,-85.01110498436071,-301.52717336960086
155,-143.53265311505353,-300.75773934851406
156,-151.66504525281917,-297.4202651414617
157,-46.92752255025828,-295.4342690984758
158,-50.61800981676138,-290.87133909574663
159,-95.50470570491868,-288.5501418879456
160,-79.81839078267278,-285.95623184473135
161,-46.805672305808926,-282.95316499762606
162,-41.11640289615713,-283.7835153533072
163,-90.33327939920119,-281.89542146490794
164,-115.19226826268917,-282.6780190470422
165,-98.68346296472417,-281.56410487278663
166,-124.59242334359921,-269.2211460366926
167,-92.61463409718924,-267.5116453818561
168,-70.14589429467739,-265.35037357532576
169,-105.69116081808677,-250.8062114948365
170,-105.31924983048067,-236.75883150133674
171,-277.944502763767,-233.13497873042132
172,-560.6452232436613,-231.5439595100912
173,-7.5278458330848395,-219.4612643074228
174,-177.81555516513828,-216.57167911529962
175,-667.5454774543464,-224.73075976772662
176,-203.40327608546124,-223.98138273868483
177,-298.1934773414887,-225.53749757909512
178,189.12695092269462,-217.18257190692358
179,-15.246386989271231,-210.8329880665398
180,-47.7042424765913,-206.42718645532767
181,-70.10742354047983,-201.75741866742774
182,-186.4097546167081,-194.9125675726045
183,-77.31362150878843,-187.36757615016006
184,-15.554095711846392,-176.32215345226058
185,-51.947031653182826,-167.65671730867936
186,-228.8856214397733,-166.89658338623835
187,-532.2747022999239,-172.8315055082173
188,-481.8922612735012,-175.12671168350508
189,-623.0365637911374,-183.52855403252306
190,-664.9791601269593,-194.67506733575297
191,101.82869230032506,-187.53007162464917
192,-65.54999859982179,-183.2332597623091
193,-89.39151038170505,-181.56083883818286
194,-160.13983859397956,-180.71082609405426
195,-75.9004289403846,-177.98660260575994
196,-256.5461990955772,-179.66706450711652
197,-47.97944927018747,-171.31205543866534
198,-59.329242974866546,-167.07280497955057
199,-89.30195990706737,-165.1628083303914
200,-86.22510125601247,-165.7880463833478
201,-120.21216141080058,-164.3120356983638
202,-74.36445560448384,-155.28247675490783
203,-241.77021825894923,-156.15506049610772
204,-79.60982132890075,-156.0470348229985
205,-114.61204547871935,-155.46862267027186
206,-136.9880416541279,-155.17508259829802
207,-120.91304680757531,-156.6547930834444
208,-168.6769468641458,-159.01597182439207
209,-310.1589029709131,-163.30905576971196
210,-97.15318843660656,-163.65575172279063
211,158.194971105077,-159.55573885457292
212,-249.50854819405174,-163.7235817605308
213,105.90052704154317,-159.7989056317159
214,-134.3430442529994,-160.18192115152215
215,43.4966274944231,-157.3383193423392
216,-42.23961530286077,-155.69126318152442
217,-43.08709285697466,-154.70071235672012
218,-253.25380708737984,-158.36287061257417
219,-130.34378059838113,-158.85592300818004
220,-12.179721972460548,-156.99313245101968
221,-32.52842381718033,-152.08481087208796
222,-257.1235149672381,-146.01437670655946
223,-45.93308992610396,-146.78248158841984
224,-104.93434521119937,-145.32485738934108
225,-112.43446401922037,-134.22263712063855
226,4.75624941798417,-130.05944661056964
227,-105.63233660479526,-126.20822379583576
228,-90.85656339923212,-131.80789408227432
229,-174.84989441089806,-134.99996423070684
230,-238.48832565851208,-138.81564589434527
231,-27.1887200150244,-137.95727182383615
232,-105.90046255281374,-136.34708598255827
233,-46.03734290016854,-135.72156041038585
234,166.0241798569213,-132.0899948990105
235,-30.33770410170681,-131.65780834798096
236,29.121334287732555,-126.49766923343083
237,-180.66589216510727,-119.46549303073449
238,-183.56014307720892,-113.49885066680864
239,-37.68488173741806,-101.79181702573422
240,-119.21027095808674,-90.87643924235681
241,-134.9620595858605,-95.61225428008049
242,-60.652495644474996,-95.51430422097357
243,-160.04467756929927,-96.92736756472546
244,-11.261873742951199,-93.94980826770488
245,-30.226335260040706,-93.036326394098
246,-136.9302860020345,-90.64400813222711
247,-202.5362073135969,-93.73514329309532
248,-88.9077953849265,-94.32671434129652
249,-103.46858728177313,-94.61004688879063
250,-104.40577540304578,-94.97366037173131
251,-99.2677750301704,-94.55477264411871
252,-71.90529123949446,-94.50558935681893
253,-127.4650808582944,-92.21948660880584
254,-63.80542702546228,-91.90339872273708
255,-58.84593092969231,-90.78807643175655
256,-97.0354590120633,-89.98902477891527
257,-56.203621342874186,-88.69483626962125
258,-77.10388218494751,-86.86337497603728
259,6.334812459354786,-80.5335006674319
260,-52.06587726645477,-79.63175444402887
261,-5.769789963287946,-82.91104966539616
262,-101.65182095924305,-79.9539151207
263,-203.40479447445324,-86.14002155101993
264,30.80666831597624,-82.83702729964041
265,-29.90857089857016,-84.30513126750029
266,-10.83943641353686,-83.6771276897138
267,-109.41957336164833,-85.00377729980728
268,-80.83317839705632,-81.5553647260008
269,-162.27634924868966,-82.19401609900697
270,-83.56427337578288,-83.62170712707342
271,-138.90339621897417,-85.7492065751093
272,-170.21352636813185,-84.01100680312716
273,-119.43422086867434,-85.48102942197856
274,-131.46282178338515,-86.0115989534223
275,-163.56436995297906,-87.03419707209746
276,-211.50807375024868,-91.35948353546213
277,-143.31834424327948,-92.11320368823179
278,-137.50209977122447,-93.04611441567164
279,-142.85885073949396,-92.40629354224359
280,-108.58214647754114,-89.80816995862415
281,-90.02055595699602,-91.06480667746358
282,-98.03894074073848,-90.90757624122207
283,-93.5305089884912,-91.85743956298855
284,-70.16788052876774,-96.5812807707023
285,-87.80872624490905,-97.73070121356635
286,-98.13089444095091,-100.27574578814003
287,-127.30434838719444,-99.20851491258178
288,-108.6666611004299,-97.7106452730462
289,-81.2936233688807,-98.58282010567544
290,-225.70807788435607,-100.71277624420082
291,-98.75935907727266,-99.98872223402908
292,-183.7114397336203,-102.44990111581197
293,-112.53968567419949,-101.49980127790997
294,-128.9302836257143,-103.85316947556522
295,166.5725117494742,-99.91719253537498
296,90.86982091940828,-95.3611903969461
297,-96.67586662547409,-93.24398358318363
298,-136.85773974970107,-94.20298247047913
299,-170.9856685958051,-95.55332409675975
300,-128.8669623483508,-96.04254783566586
301,-191.13335780960176,-97.8798594912545
302,-63.13593178009465,-97.70447230206646
303,-135.57538857705896,-97.86667845644179
304,-145.7102284794035,-99.50477448552063
305,-133.31018840984908,-100.99405963512376
306,-82.1756392279494,-100.69686323944148
307,-104.43673192040112,-101.66152545099202
308,-135.02626491623977,-102.81997310561786
309,-122.59000532903865,-105.39846946138574
310,-150.41306444318184,-107.36541320492026
311,-130.56565289012556,-109.86133046345702
312,-99.51914095854534,-109.81867686344303
313,-116.70838583501944,-108.08474869065438
314,-214.43896098830683,-112.98966127674004
315,-133.1698898432601,-115.05488765563385
316,-89.9706750586528,-116.63751242853616
317,-108.5686365659444,-116.62049369262208
318,-138.33408182832537,-117.77051176124745
319,-77.12167561237365,-116.06741828852113
320,-112.61603557302683,-116.64845353246602
321,9.364207938592862,-113.6831014493147
322,-180.36466859347604,-113.88612429382158
323,-172.81327568183434,-114.95370539008479
324,-31.18187922746487,-112.9480865389664
325,-205.86659769085696,-113.79413109372395
326,-101.78461870763795,-111.59966199287173
327,-77.63650367824897,-110.28602518157112
328,-53.64462274283177,-108.60887564100327
329,-305.0576489914546,-111.85285160604248
330,-28.634970600365985,-110.25390808849899
331,-84.93401159643017,-110.15217720128767
332,-17.7480393606752,-108.54635917368638
333,-128.77399011902713,-109.25122879629708
334,-108.6804413252517,-110.0214800122268
335,-132.34943934201235,-110.91229427416886
336,-108.55656814642678,-111.12080774827835
337,-428.5068996663547,-117.14485877386159
338,-44.35197102850528,-115.8585649724231
339,0.9643534391606134,-114.21340543626225
340,-85.22299395628528,-111.40370375770084
341,-49.69646414561552,-110.42244585906768
342,-10.546084321828644,-106.95913875083187
343,-74.41520069051458,-106.19664905115816
344,28.637601394288797,-103.04529135075809
345,-88.91417783593207,-108.15502514246622
346,12.765202116034123,-109.71711751853368
347,0.6048858428027286,-107.77150246916817
348,-7.270959291350855,-105.17976686000115
349,-131.86953069307205,-104.39744410194648
350,190.08583649174034,-98.01838812514465
351,116.30875449022338,-91.86954587914813
352,-59.06230393516992,-91.78807332224966
353,244.3180139090161,-84.19020527252815
354,-57.636652331823264,-82.42873374957655
355,-12.383365413804649,-80.01019728965566
356,-64.25822314692228,-79.65184896803515
357,-181.5826261036572,-81.1947668517003
358,51.88938852298321,-77.45645378291582
359,16.266741788657157,-74.6793188405619
360,201.9752314250324,-67.63155292319762
361,-123.8618619834595,-67.4974771050643
362,197.02441411168786,-61.566606003659636
363,-59.96846320970611,-60.431807551153376
364,196.34355476898995,-52.21615723600745
365,45.37654756028781,-48.645228487936464
366,-69.6113228988099,-48.2380414447396
367,138.85019379791316,-43.28966483746246
368,212.06741727830297,-36.281634855329905
369,75.05003654982656,-33.23820061208589
370,291.7576352553067,-25.150727195519224
371,-26.071933518807825,-25.859450024667243
372,199.21749737562314,-18.267806705285246
373,256.63355828577994,-9.678870025932937
374,252.53606692988623,-4.004511102785917
375,-130.2696289436222,-2.4925717278412294
376,170.17070785276013,2.9465348033667347
377,203.41836275848857,8.567632132101487
378,-79.74994569826102,8.045525672992904
379,27.147920261882476,14.689637058059644
380,-38.767215509315434,14.486992159880653
381,-59.178030725136196,15.002111777306537
382,62.824271856211695,16.613558001644275
383,229.83860923667504,23.785809988758317
384,-14.92874881903002,25.660843838882748
385,-49.38300075261141,27.32017261067076
386,-40.483768056711924,28.68162861246507
387,-32.353996060794316,36.60468668457627
388,-52.974022715612506,36.432245650834126
389,-69.53598113560244,35.022238959338864
390,264.2078547954338,42.01085593437325
391,11.701371893713898,43.23881265515985
392,18.498250360384333,43.819699348804086
393,-10.924348565355245,45.089516391307285
394,228.78657377470904,49.092495838915696
395,230.60294160287296,55.48283822769178
396,30.096091461078288,55.82945601459267
397,214.93955883874193,60.116149474511445
398,-9.737274193699022,60.066823176464496
399,9.16866809459421,62.88758715221782
400,-45.18038446606881,58.18226273306161
401,-19.12293724702046,55.473628898316726
402,-10.80364189150393,56.43880213919006
403,52.19178907370471,52.59627764248382
404,20.899704717415815,54.16700478346861
405,244.8160017459721,59.31099212666414
406,262.5632556265523,65.84742170213363
407,1.577739757498719,69.51062901935676
408,24.83742714664666,68.96958979183005
409,-99.07153722118488,66.6628242116332
410,3.3560828541062335,62.690441240214675
411,237.85229207323508,69.92472432134856
412,-58.27346556557718,64.81876672780326
413,34.951002301146616,66.71715603802032
414,11.23890274329267,63.015062997506384
415,228.01744292238004,66.66788090474822
416,9.397957512762218,68.24806651297968
417,-13.579095842694613,65.19948072016751
418,-49.051618815530965,59.97709999829083
419,-116.80141980719324,56.140070871150435
420,228.48281077099395,54.8745743814642
421,-88.94898055270562,53.617033440786244
422,-11.143636083208264,49.40981077160963
423,11.997104747560712,44.51708170084522
424,-143.87533601862395,36.588853641875005
425,26.145626232988505,39.71715874540722
426,-137.4756536063505,33.56423151622501
427,-120.5557475699231,27.08474930965677
428,-56.215113198002236,27.55544595966195
429,-45.91610462153875,26.09416546199352
430,-72.34285080344983,25.422652756110832
431,-99.45188715732692,24.617175627467017
432,-110.70972755822575,21.146495639178273
433,-47.617956273468806,15.597364328975395
434,-18.498946093598974,15.525960383484012
435,-15.417503595217369,16.205270326631897
436,-0.1875495327701202,17.011194697110728
437,-46.3369953753885,16.73153471081885
438,-82.32870714491168,16.14444102223287
439,-63.927426201865984,16.256612120907604
440,-29.023133530697464,10.391992354384962
441,-41.535828157706376,9.32724835335656
442,-112.16224309197307,6.714038484309417
443,-42.69729077400113,6.078579640136496
444,-113.52749601320234,-0.7677017556217272
445,6.491917418305292,-5.249922239313073
446,-52.169427391421436,-6.895232616363066
447,-30.6918644397563,-11.807861081933035
448,239.36026970488766,-6.825910203961302
449,-67.00363487136087,-8.349356263280406
450,-74.88331970266204,-8.943414968012268
451,-81.22581848679191,-10.185472592807697
452,9.027324157046408,-9.78885327183669
453,-22.404917000624764,-11.280787393323278
454,-78.75596982640508,-13.273900884199698
455,-120.32503528969454,-20.57672162491303
456,-176.09298400620304,-29.349846417568138
457,-61.31600598954846,-30.607721332509087
458,213.0152151881029,-26.84416557167996
459,-68.40546875409387,-26.230844202338133
460,27.624129661473276,-25.7454832661908
461,9.410719774052183,-30.314314712174447
462,-145.08384932143002,-32.0505223872915
463,-19.40610251259244,-33.13766448356628
464,-119.08392168198358,-35.74412097207181
465,-70.9254794343375,-41.72297941920617
466,-76.07680429678975,-43.43247465539721
467,-106.49468808838023,-45.29078650031092
468,16.83257093870847,-43.973102705226125
469,-53.39385684167546,-42.704951445915775
470,-68.42966180377465,-48.643200897411155
471,12.515829181173828,-46.613904702733564
472,-199.96680619253377,-50.390368104920064
473,-121.43030122018777,-53.05891622427504
474,33.20961130820655,-49.51721727773842
475,-30.75153842263991,-50.65516057085099
476,-63.444031417742565,-49.17452812707883
477,199.2647582256609,-42.77811801116716
478,13.841766701929828,-41.376980413168525
479,75.6715039202425,-38.94522824233289
480,271.14875565559214,-32.07539611315206
481,-86.12482338963855,-31.808854837798293
482,229.61364396256596,-25.002387407382454
483,-34.716096488404446,-24.744350211681166
484,-31.36738256996992,-25.001718941208587
485,-286.5812029903442,-30.424992929111124
486,-82.76763968233294,-32.07659473210238
487,-487.2017172591728,-40.89388916977807
488,-294.53546432334656,-45.138024313346776
489,186.35339277306338,-40.132407933848164
490,-9.832922376550712,-39.74860371076524
491,-77.20132136928578,-40.46191357499683
492,-31.24270929362875,-38.843522899029935
493,-87.24301643844392,-39.73443741231878
494,-137.64069662947173,-40.21670142464417
495,187.84296581839627,-36.589680456642355
496,-27.760790373507703,-36.10150771628408
497,-69.10410149780475,-36.869752457445045
498,-196.40361692434652,-45.58503019002973
499,17.67495601314559,-43.89145837233959
500,-131.4080048376118,-45.02195207503859
501,258.1897265145475,-38.233641175011805
502,-9.02371934213069,-38.594662044995346
503,-15.51009607525701,-38.45676562648799
504,-73.98655173642945,-38.361377264688485
505,206.89129909710087,-31.817050576952578
506,248.97772984756637,-23.315636299877177
507,26.272588317293184,-21.56386441374035
508,155.1850556327339,-22.720467604847737
509,-70.40048247985841,-22.76036787936303
510,-103.93113354636435,-25.39147314351978
511,303.9136594309755,-19.501414350381314
512,254.62279392471407,-11.507281485458428
513,35.9242988081472,-10.400673459043633
514,-45.111458202655115,-8.921224189457062
515,-28.734537331471714,-8.07740534739974
516,42.48325730294738,-5.706204115405017
517,255.3613539805033,1.5309167259726548
518,222.89955254131786,5.652256358024849
519,-107.84433764939658,4.5632467418704215
520,-36.33456756545226,5.205148626636869
521,-284.8567825030824,-0.7423036070482538
522,259.4961237039463,8.446954990881343
523,-33.411156560323946,10.207337884078623
524,-85.96809156187311,7.823783826677029
525,219.382479026686,12.826464175663547
526,41.90646298946973,14.933474063807793
527,-26.186706156770697,10.424444776159158
528,-12.537345186673974,9.896862538387081
529,-8.924230229804104,8.204947855386155
530,228.7435238064334,7.356843218402978
531,105.50644810230744,11.189468648241897
532,18.13676987164277,6.959931166423441
533,-60.55098616117472,6.443233372968041
534,273.66347523979357,12.543850529163308
535,9.292819893414446,18.461330986838476
536,-41.52659763571489,19.286151827770833
537,-124.03528448012611,26.54948048335177
538,229.50927160877973,37.030375201994296
539,198.2218332670397,37.267744011873816
540,215.83192709995097,41.78104100140386
541,201.51453683583568,47.35535816550629
542,232.48940082060872,52.630000367791034
543,-58.39308990398165,53.206998898480286
544,258.5141837114081,61.13009650529788
545,274.40718789192204,62.861380946768406
546,209.9490197804324,67.61557714984721
547,262.2681456061897,74.2430220919271
548,-7.930193135400259,78.01249056770602
549,21.072052155259783,78.0804324905483
550,-77.68495216098812,79.15489354408078
551,257.56009912118213,79.14230099621348
552,243.19531048427598,84.18668159274162
553,189.79904679395287,88.29286445012582
554,-7.324874951092269,89.62609798583254
555,-33.279446714410554,84.82268306960233
556,8.757109703340888,80.01827066671783
557,136.85700134935473,82.22995892735906
558,266.6751289081664,84.45976039286772
559,262.83162852622416,91.12440261298939
560,-18.58227952227007,92.83137969347125
561,248.11715352728405,91.7154495753974
562,-37.80088892634507,85.86697591837623
563,242.26193430695778,89.99372862835244
564,-36.716504092158445,90.16162771056239
565,276.73826415587985,96.27108374030941
566,277.12286213525056,100.96387583695547
567,236.64570835111925,100.58956292436777
568,274.6817788110175,101.62520744976176
569,-23.42519789046655,103.31359024494037
570,-55.29785273717571,102.93432454150589
571,259.8148615781049,113.82775742312964
572,243.43320771159733,113.50649910328266
573,-78.28377130153872,112.60904680845834
574,255.04389497103958,119.42928653911662
575,245.44944668739222,119.95062589233073
576,-42.7090567663746,118.25831549721386
577,230.19951805108508,123.38603998137096
578,209.88905985025715,127.8345680821096
579,-31.44876745667777,127.3840773375721
580,261.76234174430436,128.04445369632955
581,-13.598427851589747,125.66235617725157
582,-20.6781950874241,124.88605687807025
583,-53.40327852608602,125.02901103077204
584,194.33243261309994,123.44239017823813
585,252.82638786152106,128.31306153760028
586,281.7804411934412,134.7792023141834
587,249.25743337800944,142.2450566713461
588,188.47162661830123,141.42430377153653
589,-45.57922318426094,136.54828264251051
590,-17.904302093558385,131.87355805864033
591,-94.99879894974354,125.94329134292875
592,254.61624839641945,126.38582829444495
593,22.746295446257932,128.00861600144975
594,-124.0950844915056,120.35643063739148
595,-36.772660113133746,114.13283367729036
596,16.631653190594577,110.26648634549363
597,218.85439584309518,109.39821135023176
598,269.62294791437364,114.94927417122724
599,-65.89120271563763,113.2100090738093
600,240.13099388662098,119.56632799476147
601,79.49134901550082,116.00495299264782
602,252.4344539082742,116.18973586112782
603,242.820433616639,117.25016359758155
604,222.62314379615728,121.8491239725265
605,220.58290332220946,126.92637097325891
606,-173.41843873102897,123.28286000457155
607,267.62595309135145,125.89823903941145
608,257.60960122365157,125.71692848572113
609,275.3415099258194,125.96712611371302
610,240.38172561417474,131.1464062164419
611,231.4269084824188,130.8126013155446
612,253.9126461780844,136.6468720176332
613,262.8962660517074,137.05955865252818
614,1.2856732835173206,137.8196022000417
615,29.947327464550483,132.8837834662151
616,-52.44558477718195,126.29241452796647
617,-111.22697670940667,119.33496082675595
618,44.348709804905496,114.7282994466337
619,242.21478767702226,120.04109915798348
620,210.74623127232664,125.36198083817354
621,248.16094833397136,125.12890257329086
622,120.88379466814972,122.6779143124219
623,-13.571463187330409,123.97216047470607
624,-35.080666427394256,118.16966924673741
625,294.90420504299357,119.15876441384944
626,227.3725850749209,124.56039725067534
627,272.91335833081104,125.41467405626987
628,284.64412888749405,126.90977543701462
629,124.18448620362639,130.0224405102207
630,189.09324162413165,128.56905850781723
631,222.48334353024345,133.2906939354539
632,-38.56705777713769,132.9329166816596
633,-35.97174622401624,133.28154732770102
634,-34.27639399164005,128.7093707956062
635,252.5723854533564,128.7042907474429
636,-129.35123435961498,120.48165723638178
637,232.07054628910046,120.13791949460358
638,189.37701898026222,120.15602734184282
639,253.88433315993456,126.14529846872672
640,212.8718516479907,130.7608215435577
641,282.4778658762526,138.31035484007762
642,260.2951462531119,138.42393279721148
643,216.6341478340608,142.30168984496754
644,236.2190157216681,149.507971849231
645,249.81031304718596,155.2396313124374
646,252.0965892340555,159.94893003330662
647,260.987098602187,160.79158408848846
648,267.90452530237,160.7572156362484
649,233.01616635119345,166.735363017585
650,-44.02924237411173,161.05215829237034
651,149.33205669942254,162.4489724460488
652,237.2131829056587,162.1445470259965
653,-28.6490073415777,156.71515820683214
654,246.5434501862996,157.193564334635
655,254.50325773441608,157.87197142287917
656,-87.62305014305198,159.5878791946387
657,54.539955578200136,155.32615924437567
658,30.955656358844294,150.79308034707952
659,291.6106688049974,151.1184635246631
660,236.683286904265,151.04449475046488
661,2.9578129821071,146.47511284045865
662,263.14902266420995,146.65984037018117
663,262.57309815093777,146.65337701216578
664,273.50939929833487,152.09785153246213
665,42.09379723355488,152.34078092784222
666,1.3513651760816003,153.4167199269075
667,-0.5123445381494065,155.63101257033262
668,257.3682479364817,159.89140333296416
669,-22.203894567586005,154.60302968807198
670,-25.940259716383736,149.86929986829776
671,-130.17299430119056,142.30262101559455
672,291.0131085098515,145.70520729242858
673,302.89628466433714,152.03456224946194
674,218.18165032379912,157.0998085844858
675,281.78020484530356,156.837328580532
676,-131.1546335793957,149.66678420744566
677,-20.40914521028853,143.8003341366237
678,265.04957520084804,143.4084430628908
679,50.919800356846025,141.9431493459552
680,247.17380069527997,143.10476052737815
681,247.4348144134213,143.60378994504168
682,-102.98563719272538,142.31541835672994
683,250.70509951949543,148.04895527160016
684,241.8992892441187,153.57246893631535
685,-85.4675687676905,146.81166985189438
686,263.0535890299161,154.65976631968502
687,232.77996693003337,154.67395473250363
688,-22.757053776183184,150.43127327737474
689,18.238420994212916,145.71835503406032
690,269.5110699288359,146.8511393996772
691,194.43387908171007,145.09025966378638
692,-60.55293268492166,138.6732980850257
693,-118.4320904913871,131.97197331851675
694,-185.788712937245,123.53181874533844
695,13.317359379485069,118.80195967198446
696,60.44223286324293,114.9688725445682
697,-68.95089478555761,108.37011267681328
698,-120.82919860051663,100.59543819875556
699,196.58139424978913,99.8667427567275
700,6.042937947451889,100.86818636315874
701,-32.03860744302452,97.24077308030982
702,-119.93355399778697,90.09783834224092
703,-61.2507692864898,89.44580310334266
704,258.1943508399597,89.67882111641588
705,145.72243329956098,87.50320462771883
706,-256.7291003208341,84.12108362416316
707,-168.57758900399654,79.65873273251924
708,39.39115352527472,79.82744267584785
709,9.945681248438461,74.19414292471667
710,257.92898450277085,74.61905687668677
711,222.1443369156486,79.00278735535761
712,-64.21481796919707,72.45551054268947
713,282.174989336226,72.84754836639524
714,-366.4168269479924,60.04902384146868
715,248.97694037019824,64.18668670420155
716,-37.76090137430522,63.40444137319381
717,33.54707880029295,64.08562983996266
718,251.175135081227,63.961767582857576
719,244.0656334004287,69.28715814221786
720,235.84147638358635,74.52279286421727
721,266.8894736864876,82.46404222397082
722,281.982420704647,82.28342846786674
723,261.1556170727236,81.44861511603447
724,-9.79329392786224,76.8891162310012
725,267.5840741806595,76.60519361770835
726,297.77603032316813,85.18380689575963
727,282.68476807119356,91.24568516138926
728,267.81676120184136,91.30102888140912
729,228.61743545399975,94.8549815833522
730,244.46972739730714,94.80090011739274
731,286.7678405717056,95.58756064055844
732,280.54944792744743,103.2582623429619
733,287.5669445019005,103.99549924260997
734,270.8310790841327,104.57413503941028
735,233.19818602310096,110.9474501352261
736,249.50106069010621,110.67639956842987
737,62.609016537169026,107.27298056057259
738,292.08197011492797,113.5697610383948
739,28.58900899585052,113.77677279842756
740,229.20749138439712,112.97070122753877
741,245.33302665057982,113.98868417891617
742,262.2722477453509,120.44518778752163
743,272.8140571629208,128.2701107406078
744,273.3829599689418,137.4535441987315
745,235.59882053864268,141.89917342191467
746,293.02064438409155,146.55074165233165
747,257.40462503995667,153.07785204884195
748,296.77091669468916,161.42985435474606
749,230.95486722510276,162.11732381425233
750,-17.339786747360847,161.64966932035608
751,-7.679888104841112,162.13684370711974
752,35.62070646727935,165.24792891642105
753,243.55621127816943,171.34406852771426
754,273.92981277325487,171.65877776638015
755,212.08556964782994,172.98604049334554
756,263.0504189910964,183.38163087958415
757,-18.756873061058258,186.37804519844292
758,244.98892972895507,190.49000072251653
759,258.61688061980607,195.46342470994387
760,241.82993420527137,195.1414437039939
761,272.5432371540449,196.1494217087618
762,285.36843010429675,203.14108667023166
763,-82.12663600993957,195.85505416330838
764,-74.34147606779999,201.69656118091223
765,233.9556634961607,201.39613564343148
766,-16.919412023743998,201.81296543044263
767,309.37464314980537,207.32951671743288
768,267.57385366219114,207.6574910890522
769,272.977153158004,208.23572148420374
770,249.41942282587553,208.50728041304953
771,257.84094975952564,208.32630993451025
772,143.96748274287194,205.5660111752748
773,234.06356991426497,205.02417023210563
774,185.97862064520433,208.93960852356696
775,260.85018461092494,208.80493073217224
776,285.7246221023622,208.5639025677561
777,190.4623738162324,206.7194546826569
778,301.7679745269861,207.39847894915977
779,193.13693971729876,206.6888690344257
780,-104.46697205629421,199.71013504535367
781,177.93245002749927,197.53342723446957
782,207.14444930526076,196.06532726202585
783,-14.642575763390091,190.02113685672003
784,305.1933688246196,190.7083826515298
785,240.61158873624564,190.85665070579265
786,16.546673633072714,186.19756296465198
787,264.66306494204235,190.23864393274948
788,259.83844357648707,189.59377340198068
789,22.89720473883726,189.47993731684045
790,160.45943550155727,188.10497619918365
791,300.9558554911523,189.21743277599512
792,52.67204937419007,185.02542880857197
793,293.179823257693,185.43274413046737
794,234.64440473906632,184.65797302586984
795,239.07542279708636,184.72750507103873
796,-35.31654316576923,178.1607613200415
797,258.5519252384396,178.18370732401118
798,231.5867877844716,176.8800247458068
799,287.9923955498496,178.02077531230174
800,233.75132529750636,183.04259755319907
801,-63.404693138771194,181.92810145252045
802,296.94678618167154,187.15462304680833
803,-32.37756938656928,181.63594743351354
804,-57.462398295531564,175.00810321213783
805,13.789288494246037,171.04217758906617
806,204.96343767667244,169.88043796277765
807,14.966927416457196,170.55491397232797
808,267.49780554037636,171.0050914885564
809,-53.0146863595969,164.77246014896835
810,18.87614244952414,160.31338431385336
811,295.5610556252684,160.77374068327785
812,260.32369453310196,160.27284597185394
813,286.1393084065986,167.6381648601847
814,255.1785362033261,174.22856510560723
815,280.13040325448907,175.1520599007738
816,262.293129016051,180.73631072156965
817,253.93404375279033,179.62749873362935
818,230.61858237498825,178.8883933078853
819,250.55249771036065,178.4399001989325
820,275.70416650216595,178.96559507245829
821,238.76594171738898,178.58409491161558
822,10.500135850803229,175.91474797377418
823,-44.08696797404545,170.35173721600796
824,212.20325532035113,170.87622990951093
825,-145.86020870164066,162.7420220432596
826,239.93616828864455,161.82625296698527
827,269.1642992315208,163.40029147529106
828,303.7970460078998,163.4408729049093
829,275.01706673902504,165.07847544534383
830,-71.92657949599186,165.72928329654988
831,225.45946320642472,166.67982356012843
832,194.39141013482845,166.42476277671972
833,208.84292428814274,170.89447277775037
834,-241.35023203716034,159.9636007605148
835,228.69731648437386,159.72531531547736
836,285.0490683051336,165.09536320891857
837,254.80965672918572,164.89829504466144
838,262.5383894976159,164.952293963084
839,245.60249732056477,169.40639981471853
840,-46.47475133411207,165.26771607800515
841,-17.993871454654936,158.88872153908903
842,-73.68153870547697,156.3616497774957
843,241.8960216289331,155.3359737449205
844,284.2714568720619,156.32851478758042
845,277.41763350002054,157.09535900163908
846,238.5188014299619,162.5720658935537
847,189.38803433657193,161.18878807551636
848,296.02208244307474,162.4774939686884
849,220.77553813036695,161.13315682029875
850,278.28945279507514,162.02391937025013
851,278.44895913499784,168.86099241572552
852,-44.09879458585826,162.04008080037494
853,197.8709998537999,166.64505218518232
854,121.9683151798821,170.23366645469056
855,269.9032703308283,175.3559460914222
856,235.73919855905896,175.97146130906992
857,262.23446233124446,180.91681200736565
858,259.13953542976026,180.74964660515332
859,234.4251226764287,186.49844278587386
860,9.944863089420835,186.31981719867179
861,134.46503445187872,183.097896775204
862,272.821359400087,183.3478500725437
863,298.8870935164889,183.6028057747415
864,276.7346711626944,184.03392847392885
865,246.6204838052305,183.3637300849437
866,298.786962587958,184.09360675638186
867,261.1823504891591,184.23857289110924
868,294.2898846630367,185.51199893687019
869,254.36738534147594,185.58829668949252
870,-227.82123008620835,175.51778875772507
871,248.48987746734997,175.71226747272428
872,268.10389254050506,180.8643426065183
873,178.71049326648222,185.32029183132883
874,222.81437369495768,185.53251419882093
875,264.0857898721789,193.73143417029732
876,261.1479640546221,194.15567008561692
877,282.10272744912095,194.4144386499689
878,273.9395787179126,193.81728930416918
879,202.34373234421872,192.36382261627307
880,257.0740764387995,198.9438357349689
881,210.54205705985368,198.6454876120375
882,-99.51919964975315,192.76727541634588
883,238.4967904769325,193.36035274012164
884,224.05078507133123,202.6683730822915
885,267.8290826243449,203.45100840509087
886,275.001026917118,203.25004757733063
887,11.631466808650472,198.38648377891985
888,-9.880013304027102,192.93811572288698
889,220.86420386058995,192.4433498536875
890,242.7722134412664,198.2282891491951
891,-114.00480481295091,196.30807048202917
892,154.24111025035134,200.86652346114576
893,244.98432475229654,200.92828952361302
894,260.08668584325125,200.44459410303676
895,234.23002748393748,199.58084198271513
896,249.95409837601812,199.8095479216362
897,142.81969310993105,198.87818109710344
898,242.64885781730862,197.81071660458812
899,167.68955106494786,196.74899686327973
900,252.768159017957,196.23857098773732
901,229.1980783499881,195.25355337203712
902,283.08161686120496,201.7971616009784
903,-91.91781716160719,196.00138526067022
904,273.9373638120659,199.0407662333139
905,175.6647497977288,197.1559958226519
906,270.3886259689925,197.84898437085053
907,63.60550256418634,193.87640517550943
908,273.35177464932644,194.1606499599007
909,-120.21274023372727,187.06789270169767
910,3.9444820209723446,186.94788508032866
911,-77.07977368975178,182.71698891749608
912,271.8883980959697,182.6983296914137
913,285.9905404615854,182.4403986303157
914,239.03261937754337,181.68635759461267
915,10.424242619034374,176.9624327708887
916,258.4004489960654,176.15470249905087
917,287.0363360664905,176.67178221059748
918,261.66356694293097,176.01925585619537
919,1.4563865649321315,170.9610358806645
920,259.4542342131534,180.70654516665175
921,259.55259469272363,180.92779951115918
922,233.89993326048324,180.2437203255588
923,245.27106824817363,181.5749318251926
924,249.5150276784961,182.1089449048634
925,234.64504187071242,181.52012994483405
926,-35.7402327071086,175.58236600959944
927,285.70342674830266,175.65437999558307
928,22.220266430834968,170.61999374984157
929,7.461680416988145,166.72235271129688
930,-66.90266405100743,160.24281790150076
931,-12.712338371603863,155.7777299928716
932,218.42068121474944,162.13652761016166
933,-54.85850641868882,156.26942167224925
934,-61.95211944610526,150.54936358190054
935,-38.11671152867203,144.4304476988402
936,260.5897309395962,144.14222177928977
937,-27.056687674135517,143.36845868963405
938,-167.28897473859575,140.22027946094266
939,18.297946210706698,136.168954307945
940,252.66123192314606,136.36673467758263
941,-162.49661555538708,135.3968984627339
942,-121.7574643315773,129.87692697109532
943,-105.29482890534906,122.87134389794237
944,-182.90501568023785,114.01150986747261
945,228.48097318436618,113.89652878148118
946,286.02950101359113,114.61803683423264
947,10.245804873520262,111.96655906950441
948,-2.2359708481350973,107.06886249619552
949,-193.8058407806164,99.83895465928424
950,-184.8736650946645,91.0861181770318
951,218.8563862986923,90.8792843360059
952,208.41224581731618,89.3858969151281
953,-181.76618227056105,87.58892961294903
954,-107.37657764194593,79.96265078386881
955,-110.97025116133209,74.22995076468762
956,-60.937939489411825,67.60341945551953
957,244.29811854016918,71.21727177503918
958,22.43581083749092,66.19895249880246
959,-101.86073113980592,66.56599268068088
960,244.8026352778024,71.38315574581749
961,-136.58160412679007,70.19311913707674
962,17.278084074184818,65.10091285664103
963,277.6036670559191,64.9331753885277
964,-102.81834970380388,58.096156006900756
965,-96.00554865293421,55.967560181461394
966,209.2284112965993,54.98411942747208
967,279.71950500761534,54.83778280629456
968,246.53303235361955,54.53517211450832
969,247.73945376200044,59.46083345844968
970,140.5452980192593,57.08265473457179
971,249.81946604622033,56.88799216164174
972,230.11537169715405,56.81230093037515
973,241.62308188766673,56.73934120316501
974,240.29105940084017,56.55486183761189
975,-131.39851324032574,49.233990735391124
976,180.94821120059135,53.56775961354512
977,261.9545564214195,53.09278220700747
978,233.28363847420576,57.31404964787488
979,214.14582238997184,61.44773248733455
980,224.74094972750726,67.28060476290484
981,199.90086593682014,71.53286884907332
982,245.33451532281478,72.07114553123463
983,250.30465896618045,78.17440883893201
984,66.12084330923172,80.73586809403874
985,293.22401458572864,87.36268261632677
986,264.68590356179675,87.44460606877077
987,-37.09542069107537,87.24383140843197
988,-10.038753222895238,90.388835838746
989,169.4194433280776,93.4112657810934
990,271.6941160322041,93.79192346327456
991,-42.435604050791255,96.19314369336648
992,228.43116793609514,103.19691633871992
993,224.72174245149682,109.79724776585682
994,250.9331406271291,118.47401089200419
995,-7.430032159341863,113.75579078513002
996,284.2602515608428,113.72040579607507
997,269.66649648505677,118.90881962830579
998,225.60539794901464,123.46564700424881
999,216.66822815351475,131.67512838293143
1000,249.2760339790352,140.3581223644054
1001,41.53565176141328,136.8117076736598
1002,249.5382101525646,137.6342269603648
1003,-89.64308695495137,139.47668886667702
1004,-122.62912195253097,139.17163798046528
1005,27.1656298549061,141.93435560079004
1006,-12.015517019089131,142.9128040501965
1007,0.3647991008919149,138.03413766141097
1008,230.37978684134592,142.19301718148807
1009,56.048926860610834,145.3512103414964
1010,11.923841173245975,140.69363445940525
1011,278.6690686779391,148.99864791549984
1012,265.81317780517827,153.96934979011974
1013,27.647699218644277,148.9702304333742
1014,-10.928687747209281,150.80802367250612
1015,37.095556614004096,153.4700457778449
1016,282.084478748514,154.92716712688318
1017,63.43101994767241,150.60139742568433
1018,264.8406757753145,150.9675502941182
1019,35.43311549384529,146.7214235287551
1020,288.25834460927695,149.67568446055543
1021,285.94060678129836,150.39810727525702
1022,264.5065483774869,151.08593080886368
1023,287.70799017070624,152.00762897452447
1024,26.933728867092384,147.7404823638495
1025,23.53808649355713,150.83921435852716
1026,33.7832512879377,147.8959151602741
1027,-74.00409682244182,141.1767420953969
1028,271.58100386492936,141.94268940321135
1029,-0.8338440073243021,137.64309607526545
1030,53.62366157552941,134.22075031222587
1031,260.47223104642194,135.4321776144179
1032,-152.24598662951314,127.48056757537135
1033,-87.59107179798224,120.72265296008813
1034,260.2124161269916,124.6044844164433
1035,-48.12586699218177,117.7774867848851
1036,233.89164340774795,117.16160158180413
1037,233.72171416189514,122.57794427886354
1038,-36.55567215673828,122.04760590018667
1039,-14.51336599702421,118.36894971368463
1040,19.52102508683012,113.32548789477715
1041,241.30270371998,119.0002540501926
1042,34.42544800800539,115.12013965163078
1043,-1.8297529698737947,110.5891097432034
1044,252.08560848985232,110.61215910045786
1045,22.231104447035648,111.2053818325854
1046,22.804182659093158,105.97626045455037
1047,174.89998053609636,104.08093013557117
1048,7.600862523054559,99.72083942705196
1049,227.21172661431484,99.93170939626796
1050,-24.995897997402025,94.44627075673924
1051,4.018383133403972,93.69592538417905
1052,-12.576381740639789,88.45363354631496
1053,251.78903049754044,95.2822758953648
1054,247.91845735586045,102.69322748153263
1055,4.822702604731987,102.24636893652914
1056,35.563977932720945,103.19795883556534
1057,-48.89556727422037,102.2127515080631
1058,-35.82169293312052,96.88872191257379
1059,241.03086865126954,100.58836074838696
1060,-1.4995148031881664,100.31989362885828
1061,-72.35767508418783,93.29935875361572
1062,-23.057892666572272,87.52193734418071
1063,-41.60764565496815,86.13683044670846
1064,23.75930854318075,86.83059037251627
1065,48.32200267308926,87.05511929369798
1066,43.77755363962103,82.2889807915201
1067,50.90624398007705,82.0384852721682
1068,274.8112612568574,82.23789698179905
1069,-24.09922529195316,81.04725016608309
1070,62.17955750277417,76.52567442395303
1071,282.2744312290557,76.45235091290817
1072,274.3806645114189,76.64983323558681
1073,266.16939552403824,76.21906134265346
1074,51.95330804126422,76.7194529261369
1075,35.211083026092695,76.95291285678759
1076,259.7399228259919,81.47204628754868
1077,-89.52590182868845,81.16161018742376
1078,243.19673443937833,80.59392479891272
1079,204.88557781389807,84.70831323533717
1080,257.3191198820361,88.78222240146732
1081,266.6610718989839,88.90599921851856
1082,-34.25647050190025,91.2657895410708
1083,263.10650142957087,98.27974100562187
1084,-27.17760336826045,92.5319406157168
1085,238.44902442983286,98.26343844415713
1086,238.22843678662173,98.35017431173458
1087,-42.43276219827273,92.82708478453122
1088,300.87928360823247,99.57578389983063
1089,277.3013271769508,105.41207776331012
1090,-38.58086697228751,104.25003992212778
1091,-35.01947345543556,98.72359637861948
1092,261.1590552899586,103.25826852425854
1093,265.4556968345088,108.60397752034618
1094,264.64666653990116,108.85519868134718
1095,-9.568643705967139,108.2192037182871
1096,-50.966086378768615,106.74379833752988
1097,50.53712482583589,104.25654122332469
1098,-55.52277630199172,102.99406844682376
1099,-127.71790962122876,95.89547572211289
1100,245.11554835507278,101.29770464916238
1101,-80.23648518563738,99.61260728278157
1102,272.48045752441567,105.31374406808267
1103,234.1469390074524,104.96090223828091
1104,235.74258374094802,104.71738476598267
1105,-13.539128634461804,104.3501481411988
1106,2.1814114732376026,103.68249681200913
1107,236.59829173880803,109.3923739922697
1108,310.88626523932635,116.32653315571865
1109,17.26716610051264,111.85125910470352
1110,257.99865732648584,117.04122254729697
1111,-29.34407510888561,117.90149454680304
1112,-7.058072909193805,118.22149094195059
1113,141.5922263660366,121.88548838237071
1114,-362.19018163914023,114.16649857872427
1115,-20.62872350640106,112.78748405513448
1116,263.04119038125174,117.17275678996711
1117,-17.86079028170886,115.79741610473138
1118,249.29732425269734,115.2871373646482
1119,260.03314381359564,120.96978474675917
1120,-257.49260417198286,114.57634151326401
1121,-167.7303376312594,105.5762461360577
1122,255.59444106166606,105.20052166706266
1123,22.62398350378328,100.32961342665753
1124,34.756268201635265,99.98567262986495
1125,-18.167867889479467,98.9180936115535
1126,-9.74758124088683,93.52834353021593
1127,250.51105867258227,100.32908274024136
1128,-87.72008615767169,93.71074632830033
1129,-10.945074776607996,89.39413327649021
1130,-19.095406205111175,83.86584275474726
1131,-37.583173678044425,77.78095784320672
1132,248.71352379527985,83.44035772915032
1133,299.3601430191689,84.16543056094228
1134,254.9906575290237,89.80879577888795
1135,9.7909900694807,85.2356350916809
1136,29.16658773798244,81.05439811070814
1137,-143.59582650009463,79.0311368246717
1138,247.7858823718371,77.96926879994379
1139,129.5890074220367,75.01502240484551
1140,291.2216882852066,81.61107350999538
1141,-98.2694047872043,80.34607488336002
1142,263.34687609590435,80.38983129947891
1143,252.4323955984863,80.12936527475847
1144,281.17151641797545,80.45986227231997
1145,242.436668638719,85.4999685192137
1146,251.45512525900796,91.54839275196925
1147,255.51202398129848,95.64789073507849
1148,270.0433254917791,102.15921277095391
1149,280.1871575040439,110.31731411345935
1150,275.9290042632597,110.93358323162309
1151,238.29554657290456,117.30422386679395
1152,180.01999425374737,115.45501460138057
1153,290.59928137261454,116.58406144868377
1154,254.0529327724634,116.95026842931411
1155,250.2287405568175,122.2256258131397
1156,278.1660534675095,127.74531865302511
1157,-259.49458502713486,117.82346111770624
1158,264.9438056756097,116.90461192643194
1159,-133.76845196417077,113.88389956513825
1160,282.5262383391158,114.37445118539084
1161,259.8529087660984,120.15839086289054
1162,301.8878810459013,126.3373099419924
1163,221.75947831503737,127.94065498097243
1164,268.19910510376394,140.5484407158305
1165,254.6533332376817,146.05408185071218
1166,-265.9670448747505,135.47391714559214
1167,274.8541349033336,141.32821564929299
1168,-268.1914663084931,130.97843983806916
1169,-137.78242019282249,123.02212855794083
1170,177.87183307222514,131.729417302825
1171,225.6527285425222,139.5970786263006
1172,-286.00650360455944,128.76505973297608
1173,213.9751133941213,132.59208233078283
1174,280.0973332928275,137.49890363260667
1175,-314.171631252934,131.57882836533759
1176,256.51509173386654,136.90408182483267
1177,-167.10959724001816,128.5516687065807
1178,-121.83642975389088,127.8693418346563
1179,-199.41163170350657,124.10001069611832
1180,-18.08522077586673,124.1202144047032
1181,272.39064355196945,130.31969074930348
1182,119.44819141683686,127.73438410173463
1183,269.5945049432723,127.13907134021667
1184,296.6353289132614,127.97196476790141
1185,261.0525220187998,132.9971954068878
1186,252.80294667525507,137.46992258563324
1187,265.9008985814791,145.65985708726473
1188,265.9628923838255,146.0233972875045
1189,283.97519889601756,149.11112111698415
1190,-494.98154279160013,133.387056495448
1191,222.83249065244934,139.8090944042411
1192,280.8064044205897,140.15828497073477
1193,282.0797364354398,140.75123178747384
1194,232.49233764383237,139.777648211991
1195,257.64199050238994,140.08175464926447
1196,305.17192557908766,141.15609065566608
1197,230.5505324433951,140.656860824908
1198,-269.81747536531697,129.85964480776605
1199,304.94527022403656,130.35480706216592
1200,268.1344074849155,130.19891512659902
1201,273.31759056720784,130.89935600648508
1202,269.37243679067143,132.68640485722358
1203,275.6476056178728,132.38737134212872
1204,285.79327225749273,133.02217813182932
1205,265.54104585845676,133.3284242378621
1206,259.99478740598704,132.96499891663163
1207,189.56309796214578,141.94615257641726
1208,288.21103639823247,142.4114971908697
1209,245.84850780714615,150.00383638629603
1210,266.1610024183221,149.67653166788017
1211,285.2239099888748,150.18395169233568
1212,-143.11852260744604,141.28382361926873
1213,289.02155097267394,142.62906507242147
1214,271.8242646894429,142.70156826413506
1215,261.1495994523145,142.83149358842772
1216,238.0112707510559,152.91105990094385
1217,177.0070676038393,150.954118554954
1218,294.0269274693127,162.1984864305101
1219,257.61761859804693,170.10648720632747
1220,-153.8934701349037,163.47118114218492
1221,305.18822323634845,165.0618910360614
1222,275.6575332986963,176.29517177412652
1223,-139.4528392568294,169.22661272110753
1224,269.5854388665502,169.01637483258196
1225,261.3553288482676,180.52691403460602
1226,254.025874763469,180.47712969519804
1227,248.93514572414483,188.79802455448126
1228,285.382524862486,196.94240364680883
1229,257.2177950717832,206.0749921823146
1230,252.44085179625176,211.48551363375694
1231,255.4708739131134,211.14711824097984
1232,277.9972197387459,214.31809880741798
1233,275.08199688154133,214.42784864618338
1234,219.7031929339011,212.88920592659622
1235,208.7254524221726,211.8426645346637
1236,257.97942983657276,211.94619419789004
1237,269.45489315077464,212.01727408927596
1238,284.2667240640426,212.38335072288027
1239,272.1789246855757,212.14742523867145
1240,258.556690620558,227.2181899069146
1241,264.91679191446167,228.05987593215482
1242,303.31539130466024,228.51005566983633
1243,298.32222365930386,228.83490541431362
1244,263.9283536652026,229.46362573474104
1245,282.3552058261265,229.95789004121576
1246,233.10473707239547,228.5165462710819
1247,251.21869574483443,228.9299095371107
1248,278.65740521852115,239.89940714878742
1249,290.4682047114003,239.6098658385347
1250,-161.16334597015566,231.0239107694333
1251,36.287377260133695,226.2833065032918
1252,-14.276404131173791,220.61032968485492
1253,268.27235200799026,220.46282461265724
1254,271.6883937944558,220.18072704339656
1255,271.52859601875787,220.3004780466025
1256,281.12892515623867,220.72316080160755
1257,254.81465500453953,222.02819194245546
1258,280.8979357518505,221.88192992952784
1259,264.3118469093989,222.25119671157287
1260,263.98271982390304,222.20763105968453
1261,276.6168924926643,222.0354907097603
1262,271.2896751083563,230.32365466407632
1263,257.0229033384596,229.68368171139207
1264,-288.8293081004083,218.4706102555951
1265,281.68954465164506,218.88140915958164
1266,217.70057876076834,218.47519531977588
1267,259.51370570509994,220.12532808180106
1268,252.48188892221398,219.29442731085908
1269,300.0308836626454,220.142692612151
1270,283.524492330938,228.8910518614679
1271,260.36457898283,227.9945789763975
1272,245.5882422650432,227.3931931557244
1273,256.1597776825836,235.30544549451264
1274,252.30789348699506,234.95989458692154
1275,246.02490824185992,234.65328617479335
1276,240.6125399231755,234.38501947798747
1277,273.6118537921417,234.87855363934744
1278,242.1540224298608,234.0139835906949
1279,276.5547842795619,234.4007233748505
1280,239.11065347902834,234.13411940850602
1281,276.5580490431779,234.5558629111073
1282,257.37161483857017,234.14335081310384
1283,254.1867739472711,233.7254463544184
1284,276.7921690844106,234.8672258774286
1285,257.2114511208613,235.83694585140242
1286,257.2545892395634,235.8224490394622
1287,-0.3282602583997516,230.42678597127872
1288,213.44553023462373,229.01036209469035
1289,228.39316981003574,228.13464699717952
1290,294.14539762777616,228.8464211373239
1291,256.49143679372355,228.67791403490915
1292,250.44055893542821,227.6204173875245
1293,224.81122211951936,226.1501973567288
1294,273.1629605514309,226.3348894944534
1295,246.84591188667457,225.62470361566432
1296,155.29773430869272,224.0685635603903
1297,247.71848939702187,223.99855943343405
1298,262.33563393254144,223.67212400771442
1299,265.4325400769404,223.17141071502522
1300,298.94597588251577,232.3735971520787
1301,261.38778367184386,236.8756052803129
1302,227.73160532984448,241.7157654695332
